messages,title
,/article/115217.html
,/article/104850.html
,/article/103392.html
,/article/103115.html
,/article/102174.html
,/article/102023.html
,/article/102024.html
,/article/100139.html
,/article/99847.html
,/article/96629.html
,/article/96628.html
,/article/95865.html
,/article/93391.html
,/article/93390.html
,/article/92836.html
,/article/92286.html
,/article/92167.html
1561,
,/article/91429.html
,/article/90799.html
,/article/90561.html
341,
1161,
776,
633,
1379,
683,
513,
546,
509,
1071,
584,
312,
760,
547,
502,
496,
640,
261,
415,
